,날짜,파실 때,보내실 때,받으실 때
0,2023-05-26,75.51,0.85,+1.13%
1,2023-05-25,74.66,2.12,-2.76%
2,2023-05-24,76.78,1.56,+2.07%
3,2023-05-23,74.99,0.22,+0.29%
4,2023-05-22,74.77,0.16,+0.21%
5,2023-05-19,74.61,0.15,-0.19%
6,2023-05-18,74.76,0.43,-0.56%
0,2023-05-17,75.18,0.76,+1.02%
1,2023-05-16,74.42,0.12,-0.16%
2,2023-05-15,74.54,0.53,+0.71%
3,2023-05-12,74.01,0.73,-0.97%
4,2023-05-11,74.74,0.9,-1.18%
5,2023-05-10,75.64,0.91,-1.18%
6,2023-05-09,76.55,0.3,+0.38%
0,2023-05-08,76.25,1.38,+1.83%
1,2023-05-05,74.88,2.37,+3.27%
2,2023-05-04,72.5,0.23,+0.31%
3,2023-05-03,72.28,2.74,-3.64%
4,2023-05-02,75.01,4.23,-5.33%
5,2023-05-01,79.24,1.02,-1.26%
6,2023-04-28,80.26,2.78,+3.58%
0,2023-04-27,77.48,0.73,+0.95%
1,2023-04-26,76.75,3.21,-4.01%
2,2023-04-25,79.95,1.86,-2.27%
3,2023-04-24,81.81,0.99,+1.22%
4,2023-04-21,80.82,0.82,+1.01%
5,2023-04-20,83.55,0.81,-0.96%
6,2023-04-19,84.36,0.64,-0.74%
0,2023-04-18,85.0,0.05,+0.05%
1,2023-04-17,84.95,0.69,-0.80%
2,2023-04-14,85.64,0.03,+0.03%
3,2023-04-13,85.61,0.73,-0.85%
4,2023-04-12,86.35,1.16,+1.36%
5,2023-04-11,85.19,0.91,+1.08%
6,2023-04-10,84.28,0.71,-0.83%
0,2023-04-07,84.99,0.0,0.00%
1,2023-04-06,84.99,0.39,+0.46%
2,2023-04-05,84.59,0.12,+0.14%
3,2023-04-04,84.47,0.22,-0.25%
4,2023-04-03,84.69,5.3,+6.67%
5,2023-03-31,79.39,1.62,+2.08%
6,2023-03-30,77.77,1.0,+1.29%
0,2023-03-29,76.77,0.54,-0.69%
1,2023-03-28,77.31,0.17,+0.21%
2,2023-03-27,77.14,3.04,+4.10%
3,2023-03-24,74.1,1.07,-1.42%
4,2023-03-23,78.13,0.22,-0.27%
5,2023-03-22,78.35,0.38,+0.48%
6,2023-03-21,77.97,0.6,+0.78%
0,2023-03-20,77.37,0.23,+0.29%
1,2023-03-17,77.14,0.71,-0.91%
2,2023-03-16,77.85,0.59,+0.77%
3,2023-03-15,77.25,1.95,-2.45%
4,2023-03-14,79.2,1.81,-2.23%
5,2023-03-13,81.01,1.15,-1.39%
6,2023-03-10,82.16,0.92,+1.13%
0,2023-03-09,81.24,0.74,-0.89%
1,2023-03-08,81.97,0.1,-0.11%
2,2023-03-07,82.07,2.33,-2.75%
3,2023-03-06,84.4,0.09,+0.10%
4,2023-03-03,84.31,1.25,+1.50%
5,2023-03-02,83.06,0.71,+0.86%
6,2023-03-01,82.34,0.92,+1.12%
0,2023-02-28,81.43,1.17,+1.45%
1,2023-02-27,80.26,0.94,-1.15%
2,2023-02-24,81.2,1.14,+1.42%
3,2023-02-23,80.06,1.67,+2.13%
4,2023-02-22,78.38,2.11,-2.61%
5,2023-02-21,80.49,0.16,+0.19%
6,2023-02-17,82.07,0.76,-0.91%
0,2023-02-16,82.83,0.12,-0.14%
1,2023-02-15,82.95,0.1,-0.11%
2,2023-02-14,83.05,0.47,-0.56%
3,2023-02-13,83.52,0.36,+0.43%
4,2023-02-10,83.15,1.29,+1.57%
5,2023-02-09,81.86,0.3,-0.37%
6,2023-02-08,82.17,0.98,+1.20%
0,2023-02-07,81.19,2.21,+2.80%
1,2023-02-06,78.97,0.88,+1.12%
2,2023-02-03,78.1,1.98,-2.46%
3,2023-02-02,80.07,0.25,-0.31%
4,2023-02-01,80.32,2.03,-2.46%
5,2023-01-31,82.35,1.19,+1.46%
6,2023-01-30,81.16,2.0,-2.40%
0,2023-01-27,83.16,0.85,-1.01%
1,2023-01-26,84.02,1.0,+1.20%
2,2023-01-25,83.02,0.1,-0.12%
3,2023-01-24,83.12,1.77,-2.08%
4,2023-01-23,81.07,0.07,+0.08%
5,2023-01-20,81.0,0.51,+0.62%
6,2023-01-19,80.49,0.3,+0.37%
0,2023-01-18,80.19,0.47,-0.58%
1,2023-01-17,80.66,0.64,+0.80%
2,2023-01-13,80.02,0.63,+0.79%
3,2023-01-12,79.39,0.71,+0.89%
4,2023-01-11,78.68,1.61,+2.09%
5,2023-01-10,77.06,0.64,+0.83%
6,2023-01-09,76.43,1.03,+1.36%
0,2023-01-06,75.4,0.06,-0.08%
1,2023-01-05,75.46,0.77,+1.02%
2,2023-01-04,74.69,3.22,-4.13%
3,2023-01-03,77.91,3.15,-3.88%
4,2022-12-30,81.06,2.38,+3.02%
5,2022-12-29,78.68,0.78,-0.97%
6,2022-12-28,79.45,0.84,-1.04%
0,2022-12-27,80.29,0.18,+0.22%
1,2022-12-23,80.11,2.83,+3.65%
2,2022-12-22,76.87,0.23,-0.29%
3,2022-12-21,77.1,0.69,+0.90%
4,2022-12-20,76.4,0.1,+0.12%
5,2022-12-19,76.31,0.42,+0.55%
6,2022-12-16,75.89,1.01,-1.31%
0,2022-12-15,76.9,0.77,-0.98%
1,2022-12-14,77.67,1.04,+1.36%
2,2022-12-13,76.62,1.49,+1.98%
3,2022-12-12,75.13,1.42,+1.92%
4,2022-12-09,73.71,0.25,+0.34%
5,2022-12-08,73.45,0.42,-0.57%
6,2022-12-07,73.88,1.24,-1.65%
0,2022-12-06,75.12,2.4,-3.09%
1,2022-12-05,77.52,2.58,-3.21%
2,2022-12-02,80.1,0.84,-1.04%
3,2022-12-01,80.94,0.48,+0.59%
4,2022-11-30,80.47,3.25,+4.21%
5,2022-11-29,77.21,0.29,+0.37%
6,2022-11-28,76.93,0.73,+0.96%
0,2022-11-25,76.19,1.43,-1.83%
1,2022-11-23,77.62,3.04,-3.76%
2,2022-11-22,86.6,0.02,-0.02%
3,2022-11-21,86.62,0.23,-0.26%
4,2022-11-18,86.86,0.73,-0.83%
5,2022-11-17,87.59,1.35,-1.51%
6,2022-11-16,88.94,0.5,-0.56%
0,2022-11-15,89.44,0.06,-0.06%
1,2022-11-14,89.5,1.61,-1.76%
2,2022-11-11,91.11,1.75,+1.96%
3,2022-11-10,89.36,0.55,+0.62%
4,2022-11-09,88.8,1.82,-2.00%
5,2022-11-08,90.62,2.06,-2.22%
6,2022-11-07,92.69,0.94,-1.00%
0,2022-11-04,93.63,4.13,+4.61%
1,2022-11-03,89.5,2.37,-2.58%
2,2022-11-02,91.87,0.65,+0.71%
3,2022-11-01,91.22,1.79,+2.00%
4,2022-10-31,89.43,0.8,-0.88%
5,2022-10-28,90.23,1.73,-1.88%
6,2022-10-27,91.96,1.03,+1.13%
0,2022-10-26,90.92,2.05,+2.30%
1,2022-10-25,88.88,0.35,+0.39%
2,2022-10-24,88.53,0.12,-0.14%
3,2022-10-21,90.95,0.41,+0.45%
4,2022-10-20,90.54,0.02,+0.01%
5,2022-10-19,90.53,0.61,+0.68%
6,2022-10-18,89.92,0.79,-0.87%
0,2022-10-17,90.71,0.08,-0.08%
1,2022-10-14,90.78,1.64,-1.77%
2,2022-10-13,92.42,0.85,+0.92%
3,2022-10-12,91.58,1.36,-1.46%
4,2022-10-11,92.93,1.49,-1.57%
5,2022-10-10,94.42,1.38,-1.44%
6,2022-10-07,95.8,2.82,+3.03%
0,2022-10-06,92.98,0.86,+0.93%
1,2022-10-05,92.12,1.21,+1.33%
2,2022-10-04,90.9,2.88,+3.26%
3,2022-10-03,88.03,3.75,+4.44%
4,2022-09-30,84.28,1.88,-2.18%
5,2022-09-29,86.16,0.54,-0.62%
6,2022-09-28,86.7,3.07,+3.67%
0,2022-09-27,83.63,1.7,+2.07%
1,2022-09-26,81.93,2.23,-2.65%
2,2022-09-23,84.17,4.33,-4.89%
3,2022-09-22,92.18,0.36,+0.39%
4,2022-09-21,91.81,0.09,-0.09%
5,2022-09-20,91.9,0.56,-0.60%
6,2022-09-19,92.46,0.2,+0.21%
0,2022-09-16,92.26,0.28,+0.30%
1,2022-09-15,91.98,1.38,-1.47%
2,2022-09-14,93.35,0.84,+0.91%
3,2022-09-13,92.51,0.85,-0.90%
4,2022-09-12,93.36,0.58,+0.62%
5,2022-09-09,92.78,2.61,+2.89%
6,2022-09-08,90.17,0.8,+0.89%
0,2022-09-07,89.36,3.77,-4.04%
1,2022-09-06,93.13,0.53,+0.57%
2,2022-09-02,92.6,0.52,+0.57%
3,2022-09-01,92.08,2.69,-2.83%
4,2022-08-31,94.77,1.72,-1.78%
5,2022-08-30,96.48,5.38,-5.27%
6,2022-08-29,101.86,3.9,+3.98%
0,2022-08-26,97.95,1.21,+1.25%
1,2022-08-25,96.74,1.65,-1.67%
2,2022-08-24,98.39,1.06,+1.09%
3,2022-08-23,96.41,1.02,+1.06%
4,2022-08-22,95.39,0.0,0.00%
5,2022-08-19,95.39,0.21,+0.22%
6,2022-08-18,95.18,1.14,+1.21%
0,2022-08-17,94.04,0.57,+0.61%
1,2022-08-16,93.46,1.5,-1.58%
2,2022-08-15,94.97,1.51,-1.56%
3,2022-08-12,96.48,1.7,-1.72%
4,2022-08-11,98.18,1.31,+1.35%
5,2022-08-10,96.87,0.89,+0.92%
6,2022-08-09,95.97,0.07,-0.07%
0,2022-08-08,96.04,1.64,+1.73%
1,2022-08-05,94.41,0.32,+0.34%
2,2022-08-04,94.08,1.89,-1.96%
3,2022-08-03,95.97,3.43,-3.45%
4,2022-08-02,99.4,1.53,+1.56%
5,2022-08-01,97.87,3.65,-3.59%
6,2022-07-29,101.52,1.82,+1.82%
0,2022-07-28,99.7,0.44,+0.44%
1,2022-07-27,99.27,1.79,+1.83%
2,2022-07-26,97.48,0.65,-0.66%
3,2022-07-25,98.13,2.03,+2.11%
4,2022-07-22,102.32,0.23,-0.22%
5,2022-07-21,102.55,1.0,-0.96%
6,2022-07-20,103.54,0.24,-0.23%
0,2022-07-19,103.78,0.2,+0.19%
1,2022-07-18,103.58,2.55,+2.52%
2,2022-07-15,101.03,1.33,+1.33%
3,2022-07-14,99.7,0.29,-0.29%
4,2022-07-13,100.0,0.86,+0.86%
5,2022-07-12,99.14,5.14,-4.92%
6,2022-07-11,104.28,0.05,+0.04%
0,2022-07-08,104.22,2.2,+2.15%
1,2022-07-07,102.02,3.04,+3.07%
2,2022-07-06,98.98,1.75,-1.74%
3,2022-07-05,100.73,7.16,-6.63%
4,2022-07-01,107.89,3.06,+2.92%
5,2022-06-30,104.83,3.33,-3.08%
6,2022-06-29,108.17,1.47,-1.33%
0,2022-06-28,109.64,2.8,+2.62%
1,2022-06-27,106.83,2.2,+2.09%
2,2022-06-24,104.64,2.47,+2.41%
3,2022-06-23,102.17,1.98,-1.90%
4,2022-06-22,112.34,1.01,-0.88%
5,2022-06-21,113.34,0.63,+0.55%
6,2022-06-17,112.72,2.62,-2.27%
0,2022-06-16,115.34,0.99,+0.86%
1,2022-06-15,114.35,1.35,-1.17%
2,2022-06-14,115.71,0.93,-0.79%
3,2022-06-13,116.64,0.04,-0.03%
4,2022-06-10,116.67,0.41,-0.35%
5,2022-06-09,117.09,0.41,-0.35%
6,2022-06-08,117.5,2.22,+1.92%
0,2022-06-07,115.29,1.28,+1.11%
1,2022-06-06,114.01,0.18,+0.15%
2,2022-06-03,113.83,1.81,+1.61%
3,2022-06-02,112.02,1.11,+1.00%
4,2022-06-01,110.91,0.33,+0.29%
5,2022-05-31,110.58,0.29,-0.26%
6,2022-05-27,110.86,1.09,+0.99%
0,2022-05-26,109.78,2.85,+2.67%
1,2022-05-25,106.92,0.61,+0.57%
2,2022-05-24,106.31,0.44,-0.41%
3,2022-05-23,107.32,0.11,+0.10%
4,2022-05-20,107.21,0.22,+0.20%
5,2022-05-19,106.99,1.46,+1.38%
6,2022-05-18,105.53,1.35,-1.26%
0,2022-05-17,106.88,1.52,-1.40%
1,2022-05-16,108.4,1.17,+1.09%
2,2022-05-13,107.23,2.56,+2.44%
3,2022-05-12,104.66,0.1,+0.09%
4,2022-05-11,104.56,4.14,+4.11%
5,2022-05-10,100.43,2.37,-2.30%
6,2022-05-09,102.79,4.78,-4.44%
0,2022-05-06,107.57,1.17,+1.09%
1,2022-05-05,106.4,0.43,+0.40%
2,2022-05-04,105.97,2.58,+2.49%
3,2022-05-03,103.39,0.47,-0.45%
4,2022-05-02,103.86,0.44,+0.42%
5,2022-04-29,103.42,0.52,-0.49%
6,2022-04-28,103.94,2.42,+2.38%
0,2022-04-27,101.51,0.28,+0.27%
1,2022-04-26,101.24,2.55,+2.58%
2,2022-04-25,98.69,3.98,-3.87%
3,2022-04-22,103.43,0.42,-0.40%
4,2022-04-21,103.85,0.73,+0.70%
5,2022-04-20,103.12,0.03,+0.02%
6,2022-04-19,103.09,2.35,-2.22%
0,2022-04-18,105.44,0.62,+0.58%
1,2022-04-14,104.82,1.12,+1.08%
2,2022-04-13,103.7,2.21,+2.17%
3,2022-04-12,101.49,4.47,+4.60%
4,2022-04-11,97.02,2.7,-2.70%
5,2022-04-08,99.72,1.29,+1.31%
6,2022-04-07,98.42,0.39,-0.38%
0,2022-04-06,98.81,4.46,-4.31%
1,2022-04-05,103.27,1.5,-1.42%
2,2022-04-04,104.77,2.91,+2.86%
3,2022-04-01,101.85,0.02,-0.01%
4,2022-03-31,101.87,6.26,-5.79%
5,2022-03-30,108.13,4.32,+4.16%
6,2022-03-29,103.81,1.72,-1.62%
0,2022-03-28,105.53,7.86,-6.93%
1,2022-03-25,113.39,2.67,+2.40%
2,2022-03-24,110.72,3.02,-2.65%
3,2022-03-23,112.59,1.16,+1.03%
4,2022-03-22,111.43,0.3,-0.26%
5,2022-03-21,111.73,2.74,+2.51%
6,2022-03-18,108.99,0.21,+0.19%
0,2022-03-17,108.78,3.89,+3.70%
1,2022-03-16,104.89,0.88,-0.82%
2,2022-03-15,105.76,3.42,-3.12%
3,2022-03-14,109.18,3.41,-3.02%
4,2022-03-11,112.59,2.39,+2.16%
5,2022-03-10,110.2,0.66,-0.59%
6,2022-03-09,110.86,11.67,-9.52%
0,2022-03-08,122.53,4.35,+3.68%
1,2022-03-07,118.18,3.23,+2.80%
2,2022-03-04,114.95,8.37,+7.85%
3,2022-03-03,106.58,2.82,-2.57%
4,2022-03-02,109.4,7.39,+7.24%
5,2022-03-01,102.0,6.64,+6.96%
6,2022-02-28,95.36,3.76,+4.10%
0,2022-02-25,91.6,1.39,-1.49%
1,2022-02-24,92.99,0.83,+0.89%
2,2022-02-23,92.16,0.26,+0.28%
3,2022-02-22,91.9,2.56,+2.86%
4,2022-02-18,90.9,0.23,+0.24%
5,2022-02-17,90.67,0.89,-0.96%
6,2022-02-16,91.56,0.7,+0.76%
0,2022-02-15,90.86,1.75,-1.88%
1,2022-02-14,92.61,0.81,+0.88%
2,2022-02-11,91.79,1.87,+2.08%
3,2022-02-10,89.92,0.04,+0.03%
4,2022-02-09,89.88,0.6,+0.67%
5,2022-02-08,89.28,1.48,-1.62%
6,2022-02-07,90.76,0.3,-0.32%
0,2022-02-04,91.06,1.9,+2.13%
1,2022-02-03,89.16,1.39,+1.58%
2,2022-02-02,87.77,0.35,+0.39%
3,2022-02-01,87.42,0.03,-0.03%
4,2022-01-31,87.45,0.75,+0.86%
5,2022-01-28,86.7,0.43,+0.49%
6,2022-01-27,86.28,0.56,-0.63%
0,2022-01-26,86.83,1.48,+1.73%
1,2022-01-25,85.35,1.81,+2.16%
2,2022-01-24,82.87,0.42,-0.50%
3,2022-01-21,83.29,0.2,-0.24%
4,2022-01-20,83.5,0.06,-0.07%
5,2022-01-19,83.56,0.34,+0.40%
6,2022-01-18,83.22,0.95,+1.15%
0,2022-01-14,82.27,0.97,+1.19%
1,2022-01-13,81.3,0.04,-0.05%
2,2022-01-12,81.34,0.55,+0.68%
3,2022-01-11,80.79,1.9,+2.41%
4,2022-01-10,78.89,0.65,-0.81%
5,2022-01-07,79.53,0.16,-0.20%
6,2022-01-06,79.69,0.88,+1.12%
0,2022-01-05,78.81,0.79,+1.00%
1,2022-01-04,78.03,0.99,+1.29%
2,2022-01-03,77.03,1.37,+1.81%
3,2021-12-31,75.66,1.59,-2.05%
4,2021-12-30,77.25,0.26,+0.34%
5,2021-12-29,76.99,0.58,+0.76%
6,2021-12-28,76.4,0.22,+0.29%
0,2021-12-27,76.18,1.59,+2.13%
1,2021-12-23,72.99,0.28,+0.38%
2,2021-12-22,72.71,0.29,+0.39%
3,2021-12-21,72.42,0.77,+1.07%
4,2021-12-20,71.66,0.78,-1.07%
5,2021-12-17,72.43,0.59,-0.80%
6,2021-12-16,73.02,0.64,+0.87%
0,2021-12-15,72.38,0.16,+0.22%
1,2021-12-14,72.22,0.48,-0.66%
2,2021-12-13,72.71,0.48,-0.65%
3,2021-12-10,73.19,0.47,+0.64%
4,2021-12-09,72.72,0.97,-1.31%
5,2021-12-08,73.69,0.15,+0.21%
6,2021-12-07,73.54,1.88,+2.62%
0,2021-12-06,71.65,2.75,+3.98%
1,2021-12-03,68.91,0.29,+0.42%
2,2021-12-02,68.62,0.88,+1.30%
3,2021-12-01,67.73,0.28,-0.41%
4,2021-11-30,68.02,3.79,-5.27%
5,2021-11-29,71.81,1.57,+2.23%
6,2021-11-26,70.24,9.31,-11.70%
0,2021-11-24,79.55,0.1,-0.13%
1,2021-11-23,79.66,2.51,+3.24%
2,2021-11-22,80.55,0.22,+0.27%
3,2021-11-19,80.33,0.78,-0.95%
4,2021-11-18,81.11,0.34,+0.42%
5,2021-11-17,80.76,0.9,-1.10%
6,2021-11-16,81.67,0.25,+0.31%
0,2021-11-15,81.41,0.07,-0.08%
1,2021-11-12,81.48,0.18,-0.22%
2,2021-11-11,81.67,0.39,+0.48%
3,2021-11-10,81.27,1.31,-1.58%
4,2021-11-09,82.58,0.96,+1.17%
5,2021-11-08,81.62,0.68,+0.83%
6,2021-11-05,80.94,1.99,+2.52%
0,2021-11-04,78.95,1.21,-1.51%
1,2021-11-03,80.16,2.38,-2.88%
2,2021-11-02,82.54,0.15,+0.18%
3,2021-11-01,82.38,1.01,+1.24%
4,2021-10-29,81.37,0.1,+0.12%
5,2021-10-28,81.27,0.17,-0.20%
6,2021-10-27,81.44,1.79,-2.14%
0,2021-10-26,83.23,0.51,+0.61%
1,2021-10-25,82.72,0.58,+0.70%
2,2021-10-22,81.61,0.18,+0.21%
3,2021-10-21,81.44,0.38,-0.45%
4,2021-10-20,81.81,0.2,+0.24%
5,2021-10-19,81.61,0.3,+0.37%
6,2021-10-18,81.31,0.2,-0.24%
0,2021-10-15,81.51,0.56,+0.69%
1,2021-10-14,80.95,0.5,+0.62%
2,2021-10-13,80.45,0.13,-0.16%
3,2021-10-12,80.58,0.1,-0.12%
4,2021-10-11,80.68,0.92,+1.14%
5,2021-10-08,79.76,0.31,+0.39%
6,2021-10-07,79.45,0.76,+0.96%
0,2021-10-06,78.69,1.02,-1.27%
1,2021-10-05,79.71,1.19,+1.51%
2,2021-10-04,78.52,1.76,+2.28%
3,2021-10-01,76.77,0.95,+1.25%
4,2021-09-30,75.81,0.11,+0.14%
5,2021-09-29,75.7,0.38,-0.49%
6,2021-09-28,76.08,0.24,-0.30%
0,2021-09-27,76.31,1.29,+1.72%
1,2021-09-24,75.02,0.65,+0.87%
2,2021-09-23,74.37,1.0,+1.35%
3,2021-09-22,72.14,0.57,+0.79%
4,2021-09-21,71.58,0.22,+0.30%
5,2021-09-20,71.36,0.56,-0.77%
6,2021-09-17,71.92,0.15,-0.21%
0,2021-09-16,72.07,0.02,-0.02%
1,2021-09-15,72.09,0.89,+1.25%
2,2021-09-14,71.19,0.08,+0.11%
3,2021-09-13,71.11,0.41,+0.57%
4,2021-09-10,70.7,1.07,+1.53%
5,2021-09-09,69.63,0.75,-1.06%
6,2021-09-08,70.38,0.67,+0.95%
0,2021-09-07,69.71,0.93,-1.31%
1,2021-09-03,70.64,0.58,-0.81%
2,2021-09-02,71.22,1.29,+1.85%
3,2021-09-01,69.92,0.24,+0.34%
4,2021-08-31,69.68,0.62,-0.88%
5,2021-08-30,70.31,0.53,+0.75%
6,2021-08-27,69.78,1.54,+2.26%
0,2021-08-26,68.24,1.06,-1.52%
1,2021-08-25,69.3,0.85,+1.24%
2,2021-08-24,68.45,1.89,+2.83%
3,2021-08-23,68.76,1.16,+1.71%
4,2021-08-20,67.6,0.43,-0.63%
5,2021-08-19,68.03,0.92,-1.33%
6,2021-08-18,68.95,0.39,-0.55%
0,2021-08-17,69.33,0.19,-0.27%
1,2021-08-16,69.53,0.53,-0.74%
2,2021-08-13,70.05,0.39,-0.54%
3,2021-08-12,70.44,0.01,+0.01%
4,2021-08-11,70.42,0.71,+1.01%
5,2021-08-10,69.71,1.22,+1.77%
6,2021-08-09,68.49,1.25,-1.79%
0,2021-08-06,69.74,0.48,-0.68%
1,2021-08-05,70.22,0.84,+1.20%
2,2021-08-04,69.39,1.56,-2.20%
3,2021-08-03,70.95,0.43,-0.59%
4,2021-08-02,71.37,2.37,-3.20%
5,2021-07-30,73.74,0.45,+0.61%
6,2021-07-29,73.29,1.25,+1.72%
0,2021-07-28,72.04,0.23,+0.32%
1,2021-07-27,71.81,0.18,-0.24%
2,2021-07-26,71.99,0.18,+0.24%
3,2021-07-23,71.81,0.39,+0.55%
4,2021-07-22,72.81,0.53,+0.72%
5,2021-07-21,72.28,1.0,+1.40%
6,2021-07-20,71.28,0.28,+0.39%
0,2021-07-19,71.01,1.91,-2.61%
1,2021-07-16,72.92,0.08,+0.11%
2,2021-07-15,72.83,0.65,-0.88%
3,2021-07-14,73.48,0.88,-1.17%
4,2021-07-13,74.36,0.82,+1.11%
5,2021-07-12,73.54,0.18,-0.24%
6,2021-07-09,73.72,1.14,+1.57%
0,2021-07-08,72.58,0.49,+0.68%
1,2021-07-07,72.08,0.85,-1.16%
2,2021-07-06,72.93,0.95,-1.29%
3,2021-07-02,74.23,0.35,+0.48%
4,2021-07-01,73.88,1.28,+1.76%
5,2021-06-30,72.6,0.38,+0.51%
6,2021-06-29,72.23,0.33,+0.45%
0,2021-06-28,71.9,1.23,-1.67%
1,2021-06-25,73.13,0.52,+0.71%
2,2021-06-24,72.61,0.32,+0.44%
3,2021-06-23,72.29,0.48,+0.67%
4,2021-06-22,71.41,0.07,-0.09%
5,2021-06-21,71.48,0.41,+0.57%
6,2021-06-18,71.07,0.13,+0.18%
0,2021-06-17,70.94,0.62,-0.86%
1,2021-06-16,71.56,0.17,+0.23%
2,2021-06-15,71.39,0.61,+0.86%
3,2021-06-14,70.78,0.17,+0.24%
4,2021-06-11,70.61,0.09,+0.12%
5,2021-06-10,70.52,0.18,+0.25%
6,2021-06-09,70.34,0.02,-0.02%
0,2021-06-08,70.36,0.52,+0.74%
1,2021-06-07,69.84,0.19,-0.27%
2,2021-06-04,70.03,0.56,+0.80%
3,2021-06-03,69.47,0.03,-0.03%
4,2021-06-02,69.5,1.01,+1.47%
5,2021-06-01,68.49,1.86,+2.78%
6,2021-05-28,66.63,0.47,-0.69%
0,2021-05-27,67.1,0.46,+0.68%
1,2021-05-26,66.64,0.23,+0.35%
2,2021-05-25,66.41,0.16,+0.23%
3,2021-05-24,66.25,2.19,+3.42%
4,2021-05-21,65.73,0.33,+0.51%
5,2021-05-20,65.39,0.52,-0.79%
6,2021-05-19,65.92,0.73,-1.08%
0,2021-05-18,66.64,0.18,-0.27%
1,2021-05-17,66.83,0.49,+0.73%
2,2021-05-14,66.33,0.91,+1.39%
3,2021-05-13,65.42,1.35,-2.02%
4,2021-05-12,66.77,0.45,+0.67%
5,2021-05-11,66.32,0.12,+0.18%
6,2021-05-10,66.2,0.06,+0.08%
0,2021-05-07,66.15,0.14,+0.20%
1,2021-05-06,66.01,0.65,-0.97%
2,2021-05-05,66.66,0.31,+0.46%
3,2021-05-04,66.35,1.32,+2.03%
4,2021-05-03,65.03,0.75,+1.17%
5,2021-04-30,64.27,1.49,-2.27%
6,2021-04-29,65.77,1.23,+1.90%
0,2021-04-28,64.54,1.01,+1.59%
1,2021-04-27,63.53,0.91,+1.45%
2,2021-04-26,62.61,0.5,-0.79%
3,2021-04-23,62.8,0.12,+0.19%
4,2021-04-22,62.68,0.03,-0.05%
5,2021-04-21,62.71,0.51,-0.81%
6,2021-04-20,63.23,0.25,-0.38%
0,2021-04-19,63.48,0.06,+0.09%
1,2021-04-16,63.41,0.06,-0.09%
2,2021-04-15,63.48,0.21,+0.33%
3,2021-04-14,63.26,1.73,+2.81%
4,2021-04-13,61.53,0.23,+0.37%
5,2021-04-12,61.3,0.11,+0.18%
6,2021-04-09,61.19,0.28,-0.45%
0,2021-04-08,61.47,0.01,+0.01%
1,2021-04-07,61.46,0.5,+0.81%
2,2021-04-06,60.96,0.25,+0.41%
3,2021-04-05,60.71,2.56,-4.04%
4,2021-04-01,63.27,2.12,+3.46%
5,2021-03-31,61.15,1.49,-2.38%
6,2021-03-30,62.65,0.74,-1.16%
0,2021-03-29,63.39,0.46,+0.73%
1,2021-03-26,62.93,2.75,+4.57%
2,2021-03-25,60.18,2.47,-3.93%
3,2021-03-24,62.64,3.16,+5.31%
4,2021-03-23,63.72,0.98,-1.52%
5,2021-03-22,64.71,0.14,+0.21%
6,2021-03-19,64.57,0.67,+1.04%
0,2021-03-18,63.9,1.87,-2.84%
1,2021-03-17,65.77,0.28,-0.42%
2,2021-03-16,66.05,0.32,-0.48%
3,2021-03-15,66.38,0.13,-0.19%
4,2021-03-12,66.5,0.15,-0.22%
5,2021-03-11,66.65,1.11,+1.69%
6,2021-03-10,65.54,0.17,+0.25%
0,2021-03-09,65.37,0.46,-0.70%
1,2021-03-08,65.84,1.06,-1.58%
2,2021-03-05,66.89,2.09,+3.22%
3,2021-03-04,64.8,2.25,+3.59%
4,2021-03-03,62.55,1.22,+1.99%
5,2021-03-02,61.33,0.95,-1.52%
6,2021-03-01,62.28,0.67,-1.05%
0,2021-02-26,62.95,1.63,-2.53%
1,2021-02-25,64.58,0.02,-0.03%
2,2021-02-24,64.61,1.88,+3.00%
3,2021-02-23,62.72,0.07,+0.10%
4,2021-02-22,62.66,1.96,+3.22%
5,2021-02-19,60.2,0.4,-0.65%
6,2021-02-18,60.59,0.3,-0.48%
0,2021-02-17,60.89,0.29,+0.48%
1,2021-02-16,60.6,0.37,+0.61%
2,2021-02-12,60.23,0.67,+1.12%
3,2021-02-11,59.55,0.14,-0.22%
4,2021-02-10,59.69,0.06,+0.10%
5,2021-02-09,59.63,0.27,+0.45%
6,2021-02-08,59.36,0.97,+1.65%
0,2021-02-05,58.4,0.43,+0.74%
1,2021-02-04,57.97,0.28,+0.47%
2,2021-02-03,57.69,0.98,+1.73%
3,2021-02-02,56.71,1.05,+1.88%
4,2021-02-01,55.66,1.32,+2.42%
5,2021-01-29,54.34,0.11,-0.20%
6,2021-01-28,54.45,0.49,-0.89%
0,2021-01-27,54.94,0.14,-0.24%
1,2021-01-26,55.08,0.11,-0.20%
2,2021-01-25,55.19,0.44,+0.80%
3,2021-01-22,54.76,0.2,-0.35%
4,2021-01-21,54.95,0.01,-0.02%
5,2021-01-20,54.97,0.08,+0.13%
6,2021-01-19,54.89,0.36,+0.65%
0,2021-01-15,54.53,0.64,-1.15%
1,2021-01-14,55.17,0.2,+0.37%
2,2021-01-13,54.96,0.4,-0.72%
3,2021-01-12,55.37,0.59,+1.07%
4,2021-01-11,54.78,0.28,-0.51%
5,2021-01-08,55.06,1.28,+2.37%
6,2021-01-07,53.78,0.15,+0.28%
0,2021-01-06,53.63,0.79,+1.50%
1,2021-01-05,52.84,2.23,+4.40%
2,2021-01-04,50.61,0.55,-1.07%
3,2020-12-31,51.16,0.18,+0.35%
4,2020-12-30,50.98,0.42,+0.82%
5,2020-12-29,50.56,0.21,+0.41%
6,2020-12-28,50.35,0.44,-0.86%
0,2020-12-24,50.79,0.09,+0.18%
1,2020-12-23,49.81,0.24,+0.48%
2,2020-12-22,49.57,0.29,-0.57%
3,2020-12-21,49.86,0.48,-0.95%
4,2020-12-18,50.34,0.27,+0.53%
5,2020-12-17,50.08,0.12,+0.23%
6,2020-12-16,49.96,0.15,+0.29%
0,2020-12-15,49.81,0.35,+0.71%
1,2020-12-14,49.46,0.24,+0.48%
2,2020-12-11,49.22,0.07,-0.13%
3,2020-12-10,49.29,0.87,+1.80%
4,2020-12-09,48.42,0.13,+0.27%
5,2020-12-08,48.28,0.06,+0.11%
6,2020-12-07,48.23,0.12,-0.25%
0,2020-12-04,48.35,0.31,+0.65%
1,2020-12-03,48.04,0.37,+0.77%
2,2020-12-02,47.67,0.71,+1.50%
3,2020-12-01,46.96,0.33,-0.69%
4,2020-11-30,47.29,0.41,-0.86%
5,2020-11-27,47.7,0.18,-0.37%
6,2020-11-25,47.88,0.74,+1.57%
0,2020-11-24,47.14,1.72,+3.79%
1,2020-11-23,45.42,0.81,+1.81%
2,2020-11-20,42.84,0.24,+0.56%
3,2020-11-19,42.6,0.09,-0.21%
4,2020-11-18,42.69,0.2,+0.47%
5,2020-11-17,42.49,0.04,-0.08%
6,2020-11-16,42.52,0.65,+1.55%
0,2020-11-13,41.87,0.5,-1.17%
1,2020-11-12,42.37,0.01,+0.02%
2,2020-11-11,42.36,0.17,+0.39%
3,2020-11-10,42.19,0.79,+1.90%
4,2020-11-09,41.41,2.12,+5.39%
5,2020-11-06,39.28,0.86,-2.13%
6,2020-11-05,40.14,0.41,-0.99%
0,2020-11-04,40.55,1.39,+3.53%
1,2020-11-03,39.16,0.81,+2.10%
2,2020-11-02,38.36,1.08,+2.90%
3,2020-10-30,37.27,0.27,-0.71%
4,2020-10-29,37.54,1.38,-3.54%
5,2020-10-28,38.92,1.88,-4.61%
6,2020-10-27,40.8,0.77,+1.92%
0,2020-10-26,40.03,1.17,-2.83%
1,2020-10-23,41.14,0.17,-0.39%
2,2020-10-22,41.31,0.24,+0.58%
3,2020-10-21,41.07,0.52,-1.25%
4,2020-10-20,41.59,0.22,+0.52%
5,2020-10-19,41.37,0.11,-0.26%
6,2020-10-16,41.48,0.17,-0.39%
0,2020-10-15,41.65,0.13,-0.30%
1,2020-10-14,41.78,0.54,+1.30%
2,2020-10-13,41.24,0.46,+1.12%
3,2020-10-12,40.78,0.7,-1.69%
4,2020-10-09,41.48,0.4,-0.94%
5,2020-10-08,41.88,0.9,+2.19%
6,2020-10-07,40.98,0.59,-1.41%
0,2020-10-06,41.56,1.14,+2.82%
1,2020-10-05,40.42,1.94,+5.04%
2,2020-10-02,38.48,1.82,-4.52%
3,2020-10-01,40.3,1.4,-3.35%
4,2020-09-30,41.7,0.64,+1.55%
5,2020-09-29,41.06,1.31,-3.08%
6,2020-09-28,42.37,0.32,+0.75%
0,2020-09-25,42.05,0.11,+0.25%
1,2020-09-24,41.94,0.14,+0.33%
2,2020-09-23,41.8,0.16,+0.39%
3,2020-09-22,41.5,0.09,+0.21%
4,2020-09-21,41.41,0.6,-1.43%
5,2020-09-18,42.01,0.01,-0.02%
6,2020-09-17,42.02,0.44,+1.06%
0,2020-09-16,41.58,0.89,+2.17%
1,2020-09-15,40.69,0.54,+1.34%
2,2020-09-14,40.15,0.09,-0.22%
3,2020-09-11,40.24,0.01,-0.01%
4,2020-09-10,40.25,0.53,-1.28%
5,2020-09-09,40.78,0.58,+1.43%
6,2020-09-08,40.2,2.41,-5.66%
0,2020-09-04,42.61,1.0,-2.29%
1,2020-09-03,43.61,0.22,-0.49%
2,2020-09-02,43.83,1.02,-2.26%
3,2020-09-01,44.84,0.17,+0.36%
4,2020-08-31,44.68,0.18,-0.40%
5,2020-08-28,44.86,0.23,+0.51%
6,2020-08-27,44.63,0.37,-0.82%
0,2020-08-26,45.0,0.23,-0.50%
1,2020-08-25,45.23,0.65,+1.45%
2,2020-08-24,44.58,0.8,+1.82%
3,2020-08-21,43.69,0.09,-0.21%
4,2020-08-20,43.78,0.17,-0.39%
5,2020-08-19,43.96,0.01,-0.01%
6,2020-08-18,43.96,0.18,+0.41%
0,2020-08-17,43.78,0.39,+0.89%
1,2020-08-14,43.39,0.19,-0.44%
2,2020-08-13,43.59,0.38,-0.87%
3,2020-08-12,43.97,0.59,+1.36%
4,2020-08-11,43.38,0.4,-0.91%
5,2020-08-10,43.78,0.45,+1.03%
6,2020-08-07,43.33,0.28,-0.64%
0,2020-08-06,43.61,0.26,-0.60%
1,2020-08-05,43.88,0.48,+1.10%
2,2020-08-04,43.4,0.01,+0.01%
3,2020-08-03,43.39,0.84,+1.98%
4,2020-07-31,42.54,0.27,+0.63%
5,2020-07-30,42.27,0.82,-1.90%
6,2020-07-29,43.29,0.01,+0.03%
0,2020-07-28,43.28,0.05,-0.12%
1,2020-07-27,43.33,0.05,+0.11%
2,2020-07-24,43.28,0.02,-0.03%
3,2020-07-23,43.3,0.32,-0.72%
4,2020-07-22,43.62,0.04,+0.08%
5,2020-07-21,43.58,0.53,+1.22%
6,2020-07-20,43.05,0.06,+0.13%
0,2020-07-17,43.0,0.3,-0.70%
1,2020-07-16,43.3,0.48,-1.10%
2,2020-07-15,43.78,0.57,+1.31%
3,2020-07-14,43.22,0.12,+0.28%
4,2020-07-13,43.1,0.3,-0.70%
5,2020-07-10,43.4,0.61,+1.43%
6,2020-07-09,42.79,0.5,-1.15%
0,2020-07-08,43.29,0.2,+0.46%
1,2020-07-07,43.09,0.2,+0.46%
2,2020-07-06,42.89,0.31,-0.71%
3,2020-07-02,43.2,0.94,+2.22%
4,2020-07-01,42.26,1.29,+3.14%
5,2020-06-30,40.97,0.42,-1.01%
6,2020-06-29,40.8,0.01,-0.02%
0,2020-06-26,40.8,0.02,+0.05%
1,2020-06-25,40.78,0.14,+0.34%
2,2020-06-24,40.64,0.4,-0.96%
3,2020-06-23,41.04,0.08,-0.19%
4,2020-06-22,41.12,0.05,+0.11%
5,2020-06-19,41.07,0.44,+1.08%
6,2020-06-18,40.63,0.4,+1.00%
0,2020-06-17,40.23,0.06,-0.13%
1,2020-06-16,40.28,0.43,+1.08%
2,2020-06-15,39.85,0.35,+0.88%
3,2020-06-12,39.5,0.06,+0.15%
4,2020-06-11,39.44,2.08,-5.01%
5,2020-06-10,41.52,0.7,+1.71%
6,2020-06-09,40.82,0.13,+0.31%
0,2020-06-08,40.7,0.62,-1.51%
1,2020-06-05,41.32,2.17,+5.53%
2,2020-06-04,39.15,0.1,-0.26%
3,2020-06-03,39.26,0.08,+0.21%
4,2020-06-02,39.17,0.86,+2.23%
5,2020-06-01,38.32,0.28,+0.74%
6,2020-05-29,30.47,0.05,-0.15%
0,2020-05-28,30.51,0.08,+0.27%
1,2020-05-27,30.43,0.16,-0.52%
2,2020-05-26,30.59,0.25,+0.82%
3,2020-05-22,30.34,0.28,-0.92%
4,2020-05-21,30.62,0.06,+0.18%
5,2020-05-20,30.57,0.15,+0.48%
6,2020-05-19,30.42,0.13,-0.41%
0,2020-05-18,30.55,0.74,+2.49%
1,2020-05-15,29.8,0.6,+2.04%
2,2020-05-14,29.2,2.52,+9.44%
3,2020-05-13,26.68,0.13,-0.47%
4,2020-05-12,26.81,0.46,-1.67%
5,2020-05-11,27.27,1.27,-4.46%
6,2020-05-08,28.54,1.4,+5.16%
0,2020-05-07,27.14,0.21,-0.77%
1,2020-05-06,27.35,1.58,-5.47%
2,2020-05-05,28.94,2.74,+10.46%
3,2020-05-04,26.2,0.89,+3.52%
4,2020-05-01,25.3,0.05,-0.18%
5,2020-04-30,25.35,1.7,+7.20%
6,2020-04-29,20.38,0.03,-0.13%
0,2020-04-28,20.41,0.04,+0.17%
1,2020-04-27,20.37,0.07,-0.36%
2,2020-04-24,20.45,0.0,+0.01%
3,2020-04-23,20.45,0.45,+2.24%
4,2020-04-22,20.0,0.93,+4.86%
5,2020-04-21,19.07,2.4,-11.17%
6,2020-04-20,21.47,0.77,-3.45%
0,2020-04-17,22.23,0.53,+2.43%
1,2020-04-16,21.71,0.25,+1.16%
2,2020-04-15,21.46,0.51,-2.30%
3,2020-04-14,21.96,2.78,-11.22%
4,2020-04-13,24.74,1.48,+6.36%
5,2020-04-09,23.26,2.9,-11.07%
6,2020-04-08,26.16,0.16,+0.60%
0,2020-04-07,26.0,1.45,-5.27%
1,2020-04-06,27.45,1.94,-6.61%
2,2020-04-03,29.39,3.23,+12.35%
3,2020-04-02,26.16,3.7,+16.45%
4,2020-04-01,22.46,3.25,-12.65%
5,2020-03-31,25.72,0.22,-0.85%
6,2020-03-30,33.84,0.07,-0.19%
0,2020-03-27,33.91,0.16,-0.47%
1,2020-03-26,34.07,0.08,-0.22%
2,2020-03-25,34.15,0.16,+0.48%
3,2020-03-24,33.99,0.03,+0.08%
4,2020-03-23,33.96,0.09,-0.26%
5,2020-03-20,34.05,0.55,-1.58%
6,2020-03-19,34.59,0.98,+2.91%
0,2020-03-18,33.61,1.66,-4.70%
1,2020-03-17,35.27,0.18,-0.52%
2,2020-03-16,35.45,1.51,-4.09%
3,2020-03-13,36.96,0.65,+1.80%
4,2020-03-12,36.31,1.31,-3.47%
5,2020-03-11,37.62,0.52,-1.35%
6,2020-03-10,38.14,1.87,+5.16%
0,2020-03-09,36.26,9.45,-20.67%
1,2020-03-06,45.71,4.0,-8.05%
2,2020-03-05,49.72,0.76,-1.50%
3,2020-03-04,50.48,0.45,-0.88%
4,2020-03-03,50.93,0.03,-0.05%
5,2020-03-02,50.95,3.27,-6.02%
6,2020-02-28,54.22,0.03,-0.05%
0,2020-02-27,54.25,0.08,-0.14%
1,2020-02-26,54.33,0.21,-0.38%
2,2020-02-25,54.54,0.14,-0.25%
3,2020-02-24,54.68,0.59,-1.06%
4,2020-02-21,55.27,0.27,-0.47%
5,2020-02-20,55.54,0.11,-0.20%
6,2020-02-19,55.65,0.5,+0.91%
0,2020-02-18,55.15,0.2,-0.35%
1,2020-02-14,55.34,0.38,+0.69%
2,2020-02-13,54.96,0.37,+0.67%
3,2020-02-12,54.59,1.11,+2.06%
4,2020-02-11,53.49,0.49,+0.92%
5,2020-02-10,53.0,1.08,-2.00%
6,2020-02-07,54.08,0.28,-0.51%
0,2020-02-06,54.36,0.17,-0.30%
1,2020-02-05,54.53,1.42,+2.67%
2,2020-02-04,53.11,0.39,-0.73%
3,2020-02-03,53.5,2.09,-3.75%
4,2020-01-31,64.29,0.12,+0.18%
5,2020-01-30,64.17,0.2,-0.31%
6,2020-01-29,64.37,0.03,+0.04%
0,2020-01-28,64.34,0.03,-0.04%
1,2020-01-27,64.37,0.27,-0.41%
2,2020-01-24,64.64,0.3,-0.46%
3,2020-01-23,64.94,0.32,-0.49%
4,2020-01-22,65.26,0.34,-0.51%
5,2020-01-21,65.59,0.15,-0.23%
6,2020-01-17,65.75,0.01,+0.01%
0,2020-01-16,65.74,0.25,+0.38%
1,2020-01-15,65.49,0.35,-0.53%
2,2020-01-14,65.84,0.12,+0.17%
3,2020-01-13,65.72,0.34,-0.52%
4,2020-01-10,66.07,0.08,-0.12%
5,2020-01-09,66.15,0.15,+0.22%
6,2020-01-08,66.0,1.92,-2.82%
0,2020-01-07,67.92,0.36,-0.52%
1,2020-01-06,68.28,2.83,+4.33%
2,2020-01-03,67.83,2.39,+3.65%
3,2020-01-02,65.44,0.39,+0.60%
4,2019-12-31,65.05,0.87,-1.32%
5,2019-12-30,64.85,0.03,+0.04%
6,2019-12-27,64.82,0.02,-0.02%
0,2019-12-26,64.83,0.04,+0.06%
1,2019-12-24,64.79,0.14,+0.21%
2,2019-12-23,64.65,0.02,+0.02%
3,2019-12-20,64.63,0.07,-0.10%
4,2019-12-19,64.7,0.15,+0.23%
5,2019-12-18,64.54,0.01,+0.01%
6,2019-12-17,64.53,0.34,+0.53%
0,2019-12-16,64.19,0.07,+0.10%
1,2019-12-13,64.12,0.67,+1.04%
2,2019-12-12,63.46,0.47,+0.74%
3,2019-12-11,62.98,0.52,-0.81%
4,2019-12-10,63.5,0.16,+0.25%
5,2019-12-09,63.34,0.09,-0.13%
6,2019-12-06,63.43,0.61,+0.97%
0,2019-12-05,62.82,0.3,+0.48%
1,2019-12-04,62.52,2.06,+3.40%
2,2019-12-03,60.46,0.05,+0.07%
3,2019-12-02,60.41,0.45,+0.74%
4,2019-11-29,61.97,0.02,+0.03%
5,2019-11-27,61.95,0.0,0.00%
6,2019-11-26,61.95,0.01,+0.01%
0,2019-11-25,61.94,0.04,+0.06%
1,2019-11-22,61.9,0.18,-0.28%
2,2019-11-21,62.07,0.48,+0.77%
3,2019-11-20,61.6,0.62,+1.01%
4,2019-11-19,60.98,0.58,-0.93%
5,2019-11-18,61.56,0.38,-0.61%
6,2019-11-15,61.94,0.5,+0.81%
0,2019-11-14,61.44,0.08,-0.12%
1,2019-11-13,61.52,0.23,+0.36%
2,2019-11-12,61.29,0.2,+0.31%
3,2019-11-11,61.09,0.19,-0.30%
4,2019-11-08,61.28,0.18,+0.29%
5,2019-11-07,61.1,0.54,+0.89%
6,2019-11-06,60.56,0.93,-1.51%
0,2019-11-05,61.49,0.6,+0.99%
1,2019-11-04,60.89,0.35,+0.57%
2,2019-11-01,60.54,2.09,+3.57%
3,2019-10-31,58.45,0.65,-1.09%
4,2019-10-30,59.32,0.09,-0.15%
5,2019-10-29,59.41,0.04,-0.06%
6,2019-10-28,59.45,0.07,-0.11%
0,2019-10-25,59.52,0.07,+0.11%
1,2019-10-24,59.45,0.09,+0.14%
2,2019-10-23,59.37,0.33,+0.56%
3,2019-10-22,59.03,0.17,+0.28%
4,2019-10-21,58.87,0.09,-0.15%
5,2019-10-18,58.96,0.22,-0.36%
6,2019-10-17,59.17,0.17,+0.29%
0,2019-10-16,59.0,0.14,+0.23%
1,2019-10-15,58.86,0.08,-0.12%
2,2019-10-14,58.94,0.78,-1.30%
3,2019-10-11,59.72,1.05,+1.79%
4,2019-10-10,58.66,0.72,+1.24%
5,2019-10-09,57.94,0.03,+0.04%
6,2019-10-08,57.91,0.31,-0.53%
0,2019-10-07,58.22,0.11,+0.19%
1,2019-10-04,58.11,0.67,+1.15%
2,2019-10-03,57.45,0.13,+0.22%
3,2019-10-02,57.32,0.79,-1.36%
4,2019-10-01,58.11,0.19,+0.32%
5,2019-09-30,57.92,1.96,-3.27%
6,2019-09-27,61.09,0.07,-0.10%
0,2019-09-26,61.16,0.06,+0.09%
1,2019-09-25,61.09,0.15,-0.23%
2,2019-09-24,61.24,0.4,-0.64%
3,2019-09-23,61.64,0.13,+0.20%
4,2019-09-20,61.51,0.1,+0.15%
5,2019-09-19,61.41,0.28,+0.46%
6,2019-09-18,61.13,0.19,-0.31%
0,2019-09-17,61.32,1.8,-2.85%
1,2019-09-16,63.12,4.54,+7.74%
2,2019-09-13,58.58,0.06,-0.10%
3,2019-09-12,58.64,0.09,-0.14%
4,2019-09-11,58.73,1.02,-1.70%
5,2019-09-10,59.75,0.31,-0.50%
6,2019-09-09,60.06,0.76,+1.27%
0,2019-09-06,59.3,0.67,+1.13%
1,2019-09-05,58.64,0.04,+0.06%
2,2019-09-04,58.6,1.91,+3.36%
3,2019-09-03,56.69,1.4,-2.40%
4,2019-08-30,59.11,0.01,+0.01%
5,2019-08-29,59.09,0.01,-0.02%
6,2019-08-28,59.11,0.13,+0.22%
0,2019-08-27,58.98,0.11,+0.19%
1,2019-08-26,58.87,0.19,-0.32%
2,2019-08-23,59.06,0.22,-0.36%
3,2019-08-22,59.27,0.03,-0.04%
4,2019-08-21,59.3,0.18,+0.31%
5,2019-08-20,59.12,0.18,+0.31%
6,2019-08-19,58.93,0.58,+0.99%
0,2019-08-16,58.35,0.26,+0.44%
1,2019-08-15,58.09,0.62,-1.05%
2,2019-08-14,58.71,1.32,-2.20%
3,2019-08-13,60.03,1.69,+2.88%
4,2019-08-12,58.35,0.04,+0.06%
5,2019-08-09,58.31,0.84,+1.46%
6,2019-08-08,57.47,1.07,+1.89%
0,2019-08-07,56.4,1.87,-3.21%
1,2019-08-06,58.27,0.58,-0.99%
2,2019-08-05,58.86,1.7,-2.81%
3,2019-08-02,60.56,1.17,+1.96%
4,2019-08-01,59.4,4.08,-6.43%
5,2019-07-31,63.48,0.35,+0.55%
6,2019-07-30,63.23,0.06,+0.09%
0,2019-07-29,63.16,0.01,0.00%
1,2019-07-26,63.17,0.03,+0.04%
2,2019-07-25,63.14,0.12,+0.19%
3,2019-07-24,63.02,0.06,-0.08%
4,2019-07-23,63.07,0.13,+0.20%
5,2019-07-22,62.95,0.35,+0.56%
6,2019-07-19,62.59,0.28,+0.44%
0,2019-07-18,62.31,0.54,-0.85%
1,2019-07-17,62.85,0.34,-0.53%
2,2019-07-16,63.19,1.12,-1.73%
3,2019-07-15,64.31,0.14,-0.20%
4,2019-07-12,64.44,0.2,+0.31%
5,2019-07-11,64.24,0.38,-0.58%
6,2019-07-10,64.62,1.85,+2.94%
0,2019-07-09,62.77,0.16,+0.25%
1,2019-07-08,62.61,0.08,+0.12%
2,2019-07-05,62.53,0.29,+0.46%
3,2019-07-03,62.25,1.22,+2.00%
4,2019-07-02,61.02,2.17,-3.42%
5,2019-07-01,63.19,0.21,+0.33%
6,2019-06-28,61.76,0.03,+0.04%
0,2019-06-27,61.73,0.04,-0.06%
1,2019-06-26,61.77,0.13,+0.21%
2,2019-06-25,61.63,0.01,-0.01%
3,2019-06-24,61.64,0.17,-0.27%
4,2019-06-21,61.81,0.23,+0.36%
5,2019-06-20,61.59,0.94,+1.54%
6,2019-06-19,60.65,0.01,+0.01%
0,2019-06-18,60.64,0.7,+1.16%
1,2019-06-17,59.94,0.63,-1.04%
2,2019-06-14,60.57,0.39,+0.64%
3,2019-06-13,60.18,0.81,+1.36%
4,2019-06-12,59.37,1.57,-2.57%
5,2019-06-11,60.94,0.36,+0.58%
6,2019-06-10,60.59,0.68,-1.10%
0,2019-06-07,61.26,1.41,+2.35%
1,2019-06-06,59.85,0.29,+0.48%
2,2019-06-05,59.57,1.26,-2.06%
3,2019-06-04,60.83,0.42,+0.69%
4,2019-06-03,60.4,0.38,-0.63%
5,2019-05-31,69.38,0.03,+0.04%
6,2019-05-30,69.34,0.17,-0.23%
0,2019-05-29,69.51,0.15,-0.21%
1,2019-05-28,69.66,0.23,+0.33%
2,2019-05-24,69.43,0.06,+0.08%
3,2019-05-23,69.37,1.13,-1.60%
4,2019-05-22,70.5,0.49,-0.69%
5,2019-05-21,70.99,0.09,+0.12%
6,2019-05-20,70.91,0.1,-0.14%
0,2019-05-17,71.01,0.14,-0.20%
1,2019-05-16,71.15,0.51,+0.72%
2,2019-05-15,70.64,0.24,+0.34%
3,2019-05-14,70.4,0.76,+1.09%
4,2019-05-13,69.64,0.26,-0.36%
5,2019-05-10,69.9,0.21,+0.29%
6,2019-05-09,69.69,0.1,+0.14%
0,2019-05-08,69.59,0.18,+0.25%
1,2019-05-07,69.41,1.14,-1.62%
2,2019-05-06,70.56,0.08,-0.11%
3,2019-05-03,70.64,0.03,+0.04%
4,2019-05-02,70.61,1.04,-1.45%
5,2019-05-01,71.65,0.14,+0.19%
6,2019-04-30,71.51,0.69,+0.97%
0,2019-04-29,70.93,0.03,-0.03%
1,2019-04-26,70.96,0.17,-0.24%
2,2019-04-25,71.13,0.07,-0.09%
3,2019-04-24,71.2,0.1,+0.14%
4,2019-04-23,71.1,0.08,+0.11%
5,2019-04-22,71.02,0.65,+0.92%
6,2019-04-18,70.37,0.22,+0.30%
0,2019-04-17,70.15,0.09,-0.12%
1,2019-04-16,70.24,0.41,+0.59%
2,2019-04-15,69.83,0.15,-0.21%
3,2019-04-12,69.98,0.28,+0.39%
4,2019-04-11,69.7,0.69,-0.98%
5,2019-04-10,70.39,0.73,+1.05%
6,2019-04-09,69.66,0.44,-0.62%
0,2019-04-08,70.09,0.36,+0.51%
1,2019-04-05,69.73,0.75,+1.08%
2,2019-04-04,68.98,0.16,+0.22%
3,2019-04-03,68.82,0.07,-0.10%
4,2019-04-02,68.89,0.44,+0.63%
5,2019-04-01,68.46,1.43,+2.12%
6,2019-03-29,66.93,0.04,+0.05%
0,2019-03-28,66.89,0.03,-0.04%
1,2019-03-27,66.92,0.04,-0.06%
2,2019-03-26,66.97,0.07,+0.11%
3,2019-03-25,66.89,0.01,-0.01%
4,2019-03-22,66.9,0.19,-0.28%
5,2019-03-21,67.09,0.25,-0.36%
6,2019-03-20,67.34,0.29,+0.43%
0,2019-03-19,67.05,0.03,+0.03%
1,2019-03-18,67.02,0.15,+0.23%
2,2019-03-15,66.87,0.07,-0.10%
3,2019-03-14,66.94,0.25,-0.36%
4,2019-03-13,67.18,0.55,+0.82%
5,2019-03-12,66.63,0.04,+0.06%
6,2019-03-11,66.59,0.57,+0.86%
0,2019-03-08,66.02,0.41,-0.62%
1,2019-03-07,66.43,0.3,+0.45%
2,2019-03-06,66.13,0.27,+0.40%
3,2019-03-05,65.86,0.25,+0.38%
4,2019-03-04,65.61,0.61,+0.93%
5,2019-03-01,65.0,0.86,-1.30%
6,2019-02-28,64.58,0.03,-0.04%
0,2019-02-27,64.6,0.08,+0.11%
1,2019-02-26,64.53,0.02,+0.03%
2,2019-02-25,64.5,0.41,-0.63%
3,2019-02-22,64.92,0.01,-0.02%
4,2019-02-21,64.93,0.02,-0.03%
5,2019-02-20,64.95,0.29,+0.45%
6,2019-02-19,64.66,0.02,-0.03%
0,2019-02-15,64.68,0.62,+0.97%
1,2019-02-14,64.06,0.76,+1.20%
2,2019-02-13,63.29,0.79,+1.25%
3,2019-02-12,62.51,0.86,+1.39%
4,2019-02-11,61.65,0.51,-0.82%
5,2019-02-08,62.16,0.37,+0.60%
6,2019-02-07,61.79,0.92,-1.46%
0,2019-02-06,62.71,0.63,+1.01%
1,2019-02-05,62.08,0.47,-0.75%
2,2019-02-04,62.55,0.07,-0.11%
3,2019-02-01,62.62,2.09,+3.45%
4,2019-01-31,60.53,0.59,-0.96%
5,2019-01-30,59.05,0.01,+0.01%
6,2019-01-29,59.05,0.13,+0.22%
0,2019-01-28,58.92,0.31,-0.52%
1,2019-01-25,59.23,0.07,+0.10%
2,2019-01-24,59.16,0.08,+0.14%
3,2019-01-23,59.08,0.02,-0.03%
4,2019-01-22,59.1,0.42,-0.71%
5,2019-01-18,59.52,0.66,+1.12%
6,2019-01-17,58.86,0.01,-0.01%
0,2019-01-16,58.87,0.36,+0.61%
1,2019-01-15,58.51,0.87,+1.51%
2,2019-01-14,57.64,0.74,-1.27%
3,2019-01-11,58.38,0.71,-1.19%
4,2019-01-10,59.09,0.19,+0.31%
5,2019-01-09,58.9,2.03,+3.56%
6,2019-01-08,56.87,1.25,+2.24%
0,2019-01-07,55.62,0.16,+0.28%
1,2019-01-04,55.47,0.71,+1.30%
2,2019-01-03,54.76,0.86,+1.59%
3,2019-01-02,53.89,1.41,+2.69%
4,2018-12-28,57.32,0.04,+0.07%
5,2018-12-27,57.28,0.14,-0.25%
6,2018-12-26,57.42,0.49,+0.86%
0,2018-12-24,56.93,0.55,-0.96%
1,2018-12-21,57.48,0.06,-0.09%
2,2018-12-20,57.53,0.67,-1.15%
3,2018-12-19,58.21,0.29,+0.49%
4,2018-12-18,57.92,1.22,-2.06%
5,2018-12-17,59.14,0.21,-0.35%
6,2018-12-14,59.35,0.56,-0.94%
0,2018-12-13,59.92,0.68,+1.14%
1,2018-12-12,59.24,0.11,+0.17%
2,2018-12-11,59.14,0.13,+0.21%
3,2018-12-10,59.01,1.19,-1.98%
4,2018-12-07,60.2,0.99,+1.67%
5,2018-12-06,59.21,1.25,-2.06%
6,2018-12-05,60.46,0.59,-0.96%
0,2018-12-04,61.05,0.53,+0.87%
1,2018-12-03,60.52,2.0,+3.42%
2,2018-11-30,65.56,0.03,-0.04%
3,2018-11-29,65.59,0.07,+0.11%
4,2018-11-28,65.52,0.07,-0.11%
5,2018-11-27,65.59,0.04,-0.05%
6,2018-11-26,65.63,0.28,+0.42%
0,2018-11-23,65.35,1.11,-1.67%
1,2018-11-21,66.47,0.4,+0.61%
2,2018-11-20,66.06,1.62,-2.39%
3,2018-11-19,67.68,0.08,+0.11%
4,2018-11-16,67.6,0.05,+0.07%
5,2018-11-15,67.55,0.29,+0.43%
6,2018-11-14,67.26,0.35,+0.52%
0,2018-11-13,66.91,2.9,-4.15%
1,2018-11-12,69.81,0.01,0.00%
2,2018-11-09,69.82,0.17,-0.23%
3,2018-11-08,69.98,1.08,-1.51%
4,2018-11-07,71.06,0.07,+0.10%
5,2018-11-06,70.99,0.89,-1.23%
6,2018-11-05,71.88,0.34,+0.46%
0,2018-11-02,71.54,0.02,-0.03%
1,2018-11-01,71.56,1.95,-2.65%
2,2018-10-31,73.51,0.88,-1.18%
3,2018-10-30,79.35,0.06,-0.07%
4,2018-10-29,79.41,0.04,-0.05%
5,2018-10-26,79.45,0.07,+0.09%
6,2018-10-25,79.38,0.1,+0.12%
0,2018-10-24,79.28,0.04,-0.05%
1,2018-10-23,79.32,0.87,-1.08%
2,2018-10-22,80.19,0.12,+0.14%
3,2018-10-19,80.08,0.04,+0.05%
4,2018-10-18,80.03,0.22,-0.27%
5,2018-10-17,80.25,0.6,-0.74%
6,2018-10-16,80.85,0.46,+0.57%
0,2018-10-15,80.39,0.02,+0.02%
1,2018-10-12,80.37,0.18,+0.22%
2,2018-10-11,80.19,1.66,-2.02%
3,2018-10-10,81.85,1.42,-1.70%
4,2018-10-09,83.26,0.69,+0.83%
5,2018-10-08,82.58,0.13,-0.15%
6,2018-10-05,82.71,0.07,-0.08%
0,2018-10-04,82.78,1.34,-1.58%
1,2018-10-03,84.12,1.46,+1.76%
2,2018-10-02,82.66,0.16,-0.19%
3,2018-10-01,82.82,2.13,+2.63%
4,2018-09-28,77.25,0.03,+0.03%
5,2018-09-27,77.22,0.12,+0.15%
6,2018-09-26,77.1,0.04,-0.05%
0,2018-09-25,77.14,0.12,+0.15%
1,2018-09-24,77.02,0.55,+0.71%
2,2018-09-21,76.48,0.04,+0.05%
3,2018-09-20,76.44,0.21,-0.27%
4,2018-09-19,76.65,0.14,+0.18%
5,2018-09-18,76.5,0.44,+0.58%
6,2018-09-17,76.06,0.07,-0.08%
0,2018-09-14,76.13,0.09,-0.11%
1,2018-09-13,76.22,0.89,-1.14%
2,2018-09-12,77.1,0.38,+0.49%
3,2018-09-11,76.72,1.16,+1.53%
4,2018-09-10,75.56,0.52,+0.69%
5,2018-09-07,75.04,0.35,+0.46%
6,2018-09-06,74.69,0.84,-1.10%
0,2018-09-05,75.53,0.88,-1.14%
1,2018-09-04,76.4,0.85,+1.11%
2,2018-08-31,72.49,0.02,-0.03%
3,2018-08-30,72.51,0.02,+0.03%
4,2018-08-29,72.49,0.1,+0.14%
5,2018-08-28,72.39,0.07,-0.09%
6,2018-08-27,72.45,0.06,+0.08%
0,2018-08-24,72.39,0.32,+0.44%
1,2018-08-23,72.07,0.01,+0.01%
2,2018-08-22,72.06,0.68,+0.95%
3,2018-08-21,71.38,0.19,+0.26%
4,2018-08-20,71.18,0.11,+0.15%
5,2018-08-17,71.07,0.19,+0.27%
6,2018-08-16,70.88,0.35,+0.49%
0,2018-08-15,70.53,0.88,-1.23%
1,2018-08-14,71.41,0.11,-0.15%
2,2018-08-13,71.52,0.19,-0.25%
3,2018-08-10,71.71,0.56,+0.79%
4,2018-08-09,71.14,0.15,-0.21%
5,2018-08-08,71.29,1.62,-2.22%
6,2018-08-07,72.91,0.57,+0.78%
0,2018-08-06,72.35,0.46,+0.63%
1,2018-08-03,71.89,0.31,-0.42%
2,2018-08-02,72.2,1.37,+1.93%
3,2018-08-01,70.83,1.54,-2.12%
4,2018-07-31,72.37,1.36,-1.84%
5,2018-07-30,73.15,0.01,+0.01%
6,2018-07-27,73.14,0.0,0.00%
0,2018-07-26,73.14,0.13,+0.17%
1,2018-07-25,73.01,0.19,+0.26%
2,2018-07-24,72.82,0.16,+0.21%
3,2018-07-23,72.67,0.07,+0.09%
4,2018-07-20,72.59,0.16,+0.21%
5,2018-07-19,72.44,0.28,-0.38%
6,2018-07-18,72.72,0.35,+0.48%
0,2018-07-17,72.37,0.36,+0.50%
1,2018-07-16,72.01,1.81,-2.45%
2,2018-07-13,73.82,0.59,+0.80%
3,2018-07-12,73.23,0.88,+1.21%
4,2018-07-11,72.35,3.38,-4.46%
5,2018-07-10,75.73,0.65,+0.86%
6,2018-07-09,75.08,0.83,+1.11%
0,2018-07-06,74.25,0.27,-0.36%
1,2018-07-05,74.53,0.35,-0.46%
2,2018-07-03,74.88,0.54,+0.72%
3,2018-07-02,74.33,2.09,-2.72%
4,2018-06-29,73.59,0.02,+0.02%
5,2018-06-28,73.57,0.01,-0.01%
6,2018-06-27,73.58,0.14,+0.18%
0,2018-06-26,73.44,0.3,+0.40%
1,2018-06-25,73.15,0.15,-0.20%
2,2018-06-22,73.3,0.67,+0.92%
3,2018-06-21,72.63,0.4,-0.54%
4,2018-06-20,73.02,0.16,-0.22%
5,2018-06-19,73.19,0.31,-0.41%
6,2018-06-18,73.49,0.71,+0.97%
0,2018-06-15,72.79,1.15,-1.55%
1,2018-06-14,73.94,0.53,-0.70%
2,2018-06-13,74.46,0.5,+0.67%
3,2018-06-12,73.97,0.4,-0.54%
4,2018-06-11,74.37,0.07,+0.09%
5,2018-06-08,74.3,0.58,-0.77%
6,2018-06-07,74.88,1.46,+1.99%
0,2018-06-06,73.42,0.04,+0.05%
1,2018-06-05,73.38,0.23,+0.31%
2,2018-06-04,73.15,0.96,-1.30%
3,2018-06-01,74.11,0.68,-0.90%
4,2018-05-31,74.79,0.38,-0.50%
5,2018-05-30,74.44,0.14,-0.19%
6,2018-05-29,74.58,0.13,+0.18%
0,2018-05-25,74.45,0.34,-0.44%
1,2018-05-24,74.78,0.2,-0.26%
2,2018-05-23,74.98,0.07,+0.09%
3,2018-05-22,74.91,0.12,+0.15%
4,2018-05-21,74.79,0.34,+0.46%
5,2018-05-18,74.45,0.22,-0.29%
6,2018-05-17,74.67,0.08,+0.10%
0,2018-05-16,74.59,0.55,+0.73%
1,2018-05-15,74.04,0.02,+0.02%
2,2018-05-14,74.02,0.54,+0.73%
3,2018-05-11,73.48,0.2,-0.27%
4,2018-05-10,73.68,0.31,+0.42%
5,2018-05-09,73.37,1.65,+2.29%
6,2018-05-08,71.73,1.1,-1.51%
0,2018-05-07,72.83,1.05,+1.46%
1,2018-05-04,71.78,1.07,+1.50%
2,2018-05-03,70.71,0.27,+0.37%
3,2018-05-02,70.44,0.11,-0.15%
4,2018-05-01,70.55,1.07,-1.49%
5,2018-04-30,68.27,0.01,0.00%
6,2018-04-27,68.28,0.01,-0.01%
0,2018-04-26,68.28,0.12,+0.17%
1,2018-04-25,68.16,0.04,-0.05%
2,2018-04-24,68.2,0.2,-0.29%
3,2018-04-23,68.41,0.12,+0.16%
4,2018-04-20,68.29,0.11,+0.15%
5,2018-04-19,68.18,0.03,+0.03%
6,2018-04-18,68.16,0.77,+1.14%
0,2018-04-17,67.38,0.13,+0.19%
1,2018-04-16,67.25,0.55,-0.81%
2,2018-04-13,67.8,0.14,+0.20%
3,2018-04-12,67.66,0.12,-0.17%
4,2018-04-11,67.78,0.51,+0.75%
5,2018-04-10,67.27,1.45,+2.19%
6,2018-04-09,65.83,1.18,+1.82%
0,2018-04-06,64.65,0.81,-1.23%
1,2018-04-05,65.46,0.28,+0.43%
2,2018-04-04,65.17,0.01,+0.01%
3,2018-04-03,65.16,0.54,+0.83%
4,2018-04-02,64.62,1.57,-2.36%
5,2018-03-29,66.19,0.62,+0.94%
6,2018-03-28,62.68,0.07,-0.11%
0,2018-03-27,62.76,0.01,-0.01%
1,2018-03-26,62.77,0.07,-0.11%
2,2018-03-23,62.84,0.22,+0.35%
3,2018-03-22,62.62,0.23,-0.36%
4,2018-03-21,62.84,0.57,+0.91%
5,2018-03-20,62.27,0.41,+0.67%
6,2018-03-19,61.86,0.11,-0.17%
0,2018-03-16,61.96,0.49,+0.79%
1,2018-03-15,61.48,0.11,+0.18%
2,2018-03-14,61.36,0.2,+0.32%
3,2018-03-13,61.17,0.15,-0.24%
4,2018-03-12,61.32,0.37,-0.60%
5,2018-03-09,61.69,1.25,+2.06%
6,2018-03-08,60.44,0.47,-0.76%
0,2018-03-07,60.91,1.3,-2.09%
1,2018-03-06,62.21,0.28,+0.44%
2,2018-03-05,61.94,1.03,+1.68%
3,2018-03-02,60.91,0.52,+0.86%
4,2018-03-01,60.39,1.14,-1.85%
5,2018-02-28,61.53,1.77,-2.79%
6,2018-02-27,62.72,0.03,-0.04%
0,2018-02-26,62.75,0.0,0.00%
1,2018-02-23,62.75,0.13,+0.21%
2,2018-02-22,62.62,0.14,+0.23%
3,2018-02-21,62.47,0.05,+0.07%
4,2018-02-20,62.43,0.14,+0.22%
5,2018-02-16,62.28,0.0,0.00%
6,2018-02-15,62.28,0.23,+0.37%
0,2018-02-14,62.05,0.76,+1.23%
1,2018-02-13,61.29,0.13,+0.20%
2,2018-02-12,61.16,0.06,-0.09%
3,2018-02-09,61.22,1.42,-2.26%
4,2018-02-08,62.64,0.5,-0.79%
5,2018-02-07,63.14,1.13,-1.75%
6,2018-02-06,64.27,0.72,-1.11%
0,2018-02-05,64.99,0.75,-1.14%
1,2018-02-02,65.74,0.99,-1.47%
2,2018-02-01,66.73,0.66,+1.00%
3,2018-01-31,66.07,0.32,+0.48%
4,2018-01-30,66.2,0.03,-0.04%
5,2018-01-29,66.23,0.09,-0.14%
6,2018-01-26,66.32,0.06,+0.09%
0,2018-01-25,66.26,0.04,-0.06%
1,2018-01-24,66.31,0.09,+0.14%
2,2018-01-23,66.21,0.25,+0.37%
3,2018-01-22,65.97,0.15,+0.23%
4,2018-01-19,65.82,0.27,-0.40%
5,2018-01-18,66.08,0.05,-0.07%
6,2018-01-17,66.13,0.08,+0.12%
0,2018-01-16,66.05,0.31,-0.46%
1,2018-01-12,66.36,0.3,+0.44%
2,2018-01-11,66.07,0.06,+0.08%
3,2018-01-10,66.01,0.2,+0.29%
4,2018-01-09,65.81,0.72,+1.10%
5,2018-01-08,65.09,0.16,+0.24%
6,2018-01-05,64.94,0.37,-0.57%
0,2018-01-04,65.31,0.06,+0.09%
1,2018-01-03,65.24,1.23,+1.91%
2,2018-01-02,64.02,0.28,-0.44%
3,2017-12-29,61.6,0.04,+0.06%
4,2017-12-28,61.56,0.04,+0.06%
5,2017-12-27,61.52,0.09,-0.14%
6,2017-12-26,61.6,0.46,+0.74%
0,2017-12-22,61.15,0.15,-0.25%
1,2017-12-21,61.3,0.02,+0.03%
2,2017-12-20,61.28,0.26,+0.42%
3,2017-12-19,61.02,0.22,+0.36%
4,2017-12-18,60.8,0.1,+0.17%
5,2017-12-15,60.7,0.05,+0.07%
6,2017-12-14,60.65,0.53,+0.87%
0,2017-12-13,60.12,0.44,-0.72%
1,2017-12-12,60.56,1.06,-1.72%
2,2017-12-11,61.62,0.78,+1.28%
3,2017-12-08,60.84,0.62,+1.03%
4,2017-12-07,60.22,0.88,+1.47%
5,2017-12-06,59.34,1.21,-2.00%
6,2017-12-05,60.55,0.54,+0.89%
0,2017-12-04,60.02,1.22,-1.98%
1,2017-12-01,61.23,1.09,+1.80%
2,2017-11-30,60.82,0.02,+0.02%
3,2017-11-29,60.8,0.0,0.00%
4,2017-11-28,60.8,0.08,-0.13%
5,2017-11-27,60.88,0.04,-0.05%
6,2017-11-24,60.92,0.14,+0.23%
0,2017-11-22,60.78,0.15,+0.24%
1,2017-11-21,60.63,0.08,+0.13%
2,2017-11-20,60.55,0.27,-0.44%
3,2017-11-17,60.82,0.6,+0.99%
4,2017-11-16,60.22,0.27,-0.44%
5,2017-11-15,60.49,0.2,-0.32%
6,2017-11-14,60.69,0.49,-0.79%
0,2017-11-13,61.18,0.12,-0.19%
1,2017-11-10,61.3,0.26,-0.42%
2,2017-11-09,61.56,0.42,+0.68%
3,2017-11-08,61.14,0.06,-0.09%
4,2017-11-07,61.2,0.64,-1.03%
5,2017-11-06,61.83,1.68,+2.79%
6,2017-11-03,60.15,1.28,+2.17%
0,2017-11-02,58.87,0.14,+0.23%
1,2017-11-01,58.73,0.29,-0.49%
2,2017-10-31,59.03,0.34,+0.57%
3,2017-10-30,55.54,0.0,0.00%
4,2017-10-27,55.55,0.1,+0.17%
5,2017-10-26,55.45,0.1,+0.18%
6,2017-10-25,55.34,0.05,-0.08%
0,2017-10-24,55.39,0.24,+0.44%
1,2017-10-23,55.14,0.13,-0.23%
2,2017-10-20,55.27,0.14,+0.26%
3,2017-10-19,55.13,0.35,-0.63%
4,2017-10-18,55.48,0.11,+0.20%
5,2017-10-17,55.37,0.02,+0.04%
6,2017-10-16,55.34,0.3,-0.54%
0,2017-10-13,55.04,0.5,+0.92%
1,2017-10-12,54.54,0.29,-0.53%
2,2017-10-11,54.83,0.22,+0.40%
3,2017-10-10,54.61,0.52,+0.96%
4,2017-10-09,54.09,0.15,+0.28%
5,2017-10-06,53.94,1.27,-2.30%
6,2017-10-05,55.21,0.92,+1.69%
0,2017-10-04,54.29,0.13,-0.24%
1,2017-10-03,54.42,0.3,-0.55%
2,2017-10-02,54.72,0.53,-0.96%
3,2017-09-29,53.66,0.03,+0.06%
4,2017-09-28,53.63,0.03,-0.06%
5,2017-09-27,53.66,0.1,-0.19%
6,2017-09-26,53.76,0.16,-0.30%
0,2017-09-25,53.92,0.33,+0.62%
1,2017-09-22,53.59,0.08,+0.15%
2,2017-09-21,53.51,0.0,0.00%
3,2017-09-20,53.51,0.42,+0.79%
4,2017-09-19,53.09,0.16,-0.30%
5,2017-09-18,53.25,0.02,-0.04%
6,2017-09-15,53.27,0.06,+0.11%
0,2017-09-14,53.21,0.15,+0.28%
1,2017-09-13,53.06,0.48,+0.91%
2,2017-09-12,52.58,0.24,+0.46%
3,2017-09-11,52.34,0.11,+0.21%
4,2017-09-08,52.23,0.55,-1.04%
5,2017-09-07,52.78,0.02,+0.04%
6,2017-09-06,52.76,0.75,+1.44%
0,2017-09-05,52.01,0.53,+1.03%
1,2017-09-04,51.48,0.11,-0.21%
2,2017-09-01,51.48,0.11,-0.21%
3,2017-08-31,50.22,0.01,+0.02%
4,2017-08-30,50.21,0.03,-0.06%
5,2017-08-29,50.24,0.01,+0.02%
6,2017-08-28,50.23,0.06,-0.12%
0,2017-08-25,50.29,0.08,+0.16%
1,2017-08-24,50.21,0.14,-0.28%
2,2017-08-23,50.35,0.22,+0.44%
3,2017-08-22,50.13,0.04,+0.08%
4,2017-08-21,50.09,0.36,-0.71%
5,2017-08-18,50.45,0.61,+1.22%
6,2017-08-17,49.84,0.27,+0.54%
0,2017-08-16,49.57,0.32,-0.64%
1,2017-08-15,49.89,0.04,+0.08%
2,2017-08-14,49.85,0.77,-1.52%
3,2017-08-11,50.62,0.03,+0.06%
4,2017-08-10,50.59,0.07,-0.14%
5,2017-08-09,50.66,0.14,-0.28%
6,2017-08-08,50.8,0.2,-0.39%
0,2017-08-07,51.0,0.09,-0.18%
1,2017-08-04,51.09,0.45,+0.89%
2,2017-08-03,50.64,0.39,-0.76%
3,2017-08-02,51.03,0.61,+1.21%
4,2017-08-01,50.42,0.85,-1.66%
5,2017-07-31,47.56,0.0,0.00%
6,2017-07-28,47.56,0.0,0.00%
0,2017-07-27,47.56,0.05,+0.11%
1,2017-07-26,47.51,0.1,+0.21%
2,2017-07-25,47.41,0.3,+0.64%
3,2017-07-24,47.11,0.11,+0.23%
4,2017-07-21,47.0,0.31,-0.66%
5,2017-07-20,47.31,0.14,-0.30%
6,2017-07-19,47.45,0.31,+0.66%
0,2017-07-18,47.14,0.16,+0.34%
1,2017-07-17,46.98,0.24,-0.51%
2,2017-07-14,47.22,0.28,+0.60%
3,2017-07-13,46.94,0.37,+0.79%
4,2017-07-12,46.57,0.14,+0.30%
5,2017-07-11,46.43,0.41,+0.89%
6,2017-07-10,46.02,0.14,+0.31%
0,2017-07-07,45.88,1.12,-2.38%
1,2017-07-06,47.0,0.2,+0.43%
2,2017-07-05,46.58,1.96,-4.04%
3,2017-07-04,48.54,0.84,+1.76%
4,2017-07-03,48.54,0.84,+1.76%
5,2017-06-30,46.47,0.01,+0.02%
6,2017-06-29,46.46,0.02,+0.04%
0,2017-06-28,46.44,0.05,+0.11%
1,2017-06-27,46.39,0.15,+0.32%
2,2017-06-26,46.24,0.05,+0.11%
3,2017-06-23,46.19,0.09,+0.20%
4,2017-06-22,46.1,0.11,+0.24%
5,2017-06-21,45.99,0.32,-0.69%
6,2017-06-19,46.55,0.18,-0.39%
0,2017-06-16,46.73,0.14,+0.30%
1,2017-06-15,46.59,0.1,-0.21%
2,2017-06-14,46.69,0.99,-2.08%
3,2017-06-13,47.68,0.21,+0.44%
4,2017-06-12,47.47,0.09,+0.19%
5,2017-06-09,47.38,0.27,+0.57%
6,2017-06-08,47.11,0.06,-0.13%
0,2017-06-07,47.17,1.58,-3.24%
1,2017-06-06,48.75,0.5,+1.04%
2,2017-06-05,48.25,0.51,-1.05%
3,2017-06-02,48.76,0.7,-1.42%
4,2017-06-01,49.46,0.14,+0.28%
5,2017-05-31,50.53,0.04,-0.08%
6,2017-05-30,50.57,0.02,-0.04%
0,2017-05-29,50.59,0.09,+0.18%
1,2017-05-26,50.59,0.09,+0.18%
2,2017-05-25,50.5,0.47,-0.92%
3,2017-05-24,50.97,0.08,-0.16%
4,2017-05-23,51.05,0.12,+0.24%
5,2017-05-22,50.93,0.06,+0.12%
6,2017-05-19,50.87,0.41,+0.81%
0,2017-05-18,50.46,0.11,+0.22%
1,2017-05-17,50.35,0.32,+0.64%
2,2017-05-16,50.03,0.01,-0.02%
3,2017-05-15,50.04,0.55,+1.11%
4,2017-05-12,49.49,0.01,+0.02%
5,2017-05-11,49.48,0.32,+0.65%
6,2017-05-10,49.16,1.06,+2.20%
0,2017-05-09,48.1,0.44,-0.91%
1,2017-05-08,48.54,0.2,+0.41%
2,2017-05-05,48.34,0.68,+1.43%
3,2017-05-04,47.66,2.08,-4.18%
4,2017-05-03,49.74,0.44,+0.89%
5,2017-05-02,49.3,1.39,-2.74%
6,2017-05-01,50.69,0.0,0.00%
0,2017-04-28,52.29,0.01,-0.02%
1,2017-04-27,52.3,0.05,-0.10%
2,2017-04-26,52.35,0.02,-0.04%
3,2017-04-25,52.37,0.07,+0.13%
4,2017-04-24,52.3,0.01,-0.02%
5,2017-04-21,52.31,0.26,-0.49%
6,2017-04-20,52.57,0.08,+0.15%
0,2017-04-19,52.49,0.7,-1.32%
1,2017-04-18,53.19,0.23,-0.43%
2,2017-04-17,53.42,0.31,-0.58%
3,2017-04-13,53.73,0.02,+0.04%
4,2017-04-12,53.71,0.36,-0.67%
5,2017-04-11,54.07,0.24,+0.45%
6,2017-04-10,53.83,0.59,+1.11%
0,2017-04-07,53.24,0.32,+0.60%
1,2017-04-06,52.92,0.42,+0.80%
2,2017-04-05,52.5,0.31,+0.59%
3,2017-04-04,52.19,0.84,+1.64%
4,2017-04-03,51.35,0.49,-0.95%
5,2017-03-31,51.2,0.02,-0.04%
6,2017-03-30,51.22,0.03,+0.06%
0,2017-03-29,51.19,0.11,+0.22%
1,2017-03-28,51.08,0.08,+0.16%
2,2017-03-27,51.0,0.02,-0.04%
3,2017-03-24,50.96,0.0,0.00%
4,2017-03-23,51.04,0.0,0.00%
5,2017-03-22,51.04,0.05,-0.10%
6,2017-03-21,51.09,0.22,-0.43%
0,2017-03-20,51.31,0.06,-0.12%
1,2017-03-17,51.37,0.02,-0.04%
2,2017-03-16,51.39,0.01,+0.02%
3,2017-03-15,51.38,0.42,+0.82%
4,2017-03-14,50.96,0.39,-0.76%
5,2017-03-13,51.35,0.01,-0.02%
6,2017-03-10,51.36,0.45,-0.87%
0,2017-03-09,51.81,0.44,-0.84%
1,2017-03-08,52.25,2.06,-3.79%
2,2017-03-07,54.31,0.01,-0.02%
3,2017-03-06,54.32,0.02,-0.04%
4,2017-03-03,54.34,0.48,+0.89%
5,2017-03-02,53.86,1.08,-1.97%
6,2017-03-01,54.94,0.08,+0.15%
0,2017-02-28,54.44,0.01,+0.02%
1,2017-02-27,54.43,0.05,+0.09%
2,2017-02-24,54.38,0.03,-0.06%
3,2017-02-23,54.41,0.14,+0.26%
4,2017-02-22,54.27,0.14,-0.26%
5,2017-02-21,54.41,0.2,+0.37%
6,2017-02-17,54.21,0.09,+0.17%
0,2017-02-16,54.12,0.01,-0.02%
1,2017-02-15,54.13,0.13,-0.24%
2,2017-02-14,54.26,0.24,+0.44%
3,2017-02-13,54.02,0.57,-1.04%
4,2017-02-10,54.59,0.49,+0.91%
5,2017-02-09,54.1,0.38,+0.71%
6,2017-02-08,53.72,0.17,-0.32%
0,2017-02-07,53.89,0.35,-0.65%
1,2017-02-06,54.24,0.84,-1.53%
2,2017-02-03,55.08,0.43,+0.79%
3,2017-02-02,54.65,0.22,+0.40%
4,2017-02-01,54.43,0.87,+1.62%
5,2017-01-31,53.71,0.03,-0.06%
6,2017-01-30,53.74,0.01,-0.02%
0,2017-01-27,53.75,0.05,-0.09%
1,2017-01-26,53.8,0.13,+0.24%
2,2017-01-25,53.67,0.02,-0.04%
3,2017-01-24,53.69,0.05,+0.09%
4,2017-01-23,53.64,0.1,-0.19%
5,2017-01-20,53.74,0.43,+0.81%
6,2017-01-19,53.31,0.21,+0.40%
0,2017-01-18,53.1,0.58,-1.08%
1,2017-01-17,53.68,0.03,-0.06%
2,2017-01-13,53.71,0.18,-0.33%
3,2017-01-12,53.89,0.52,+0.97%
4,2017-01-11,53.37,1.05,+2.01%
5,2017-01-10,52.32,0.86,-1.62%
6,2017-01-09,53.18,1.63,-2.97%
0,2017-01-06,54.81,0.05,+0.09%
1,2017-01-05,54.76,0.44,+0.81%
2,2016-12-30,52.09,0.03,-0.06%
3,2016-12-29,52.12,0.01,-0.02%
4,2016-12-28,52.09,0.0,0.00%
5,2016-12-27,52.09,0.14,+0.27%
6,2016-12-23,51.95,0.01,+0.02%
